-- Seed data for development

-- Series
INSERT INTO series (id, name, hebrew_name, description) VALUES
  ('a0000000-0000-0000-0000-000000000001', 'Daily Gemara', 'גמרא יומית', 'שיעור גמרא יומי'),
  ('a0000000-0000-0000-0000-000000000002', 'Parashat Hashavua', 'פרשת השבוע', 'שיעור על פרשת השבוע'),
  ('a0000000-0000-0000-0000-000000000003', 'Halacha Yomit', 'הלכה יומית', 'הלכות יומיות');

-- Lessons
INSERT INTO lessons (id, title, hebrew_title, description, date, duration, series_id, source_text) VALUES
  ('b0000000-0000-0000-0000-000000000001', 'Bava Metzia 42a', 'בבא מציעא דף מב עמוד א', 'שיעור בגמרא מסכת בבא מציעא', '2026-02-23', 7200, 'a0000000-0000-0000-0000-000000000001', 'שיעור גמרא יומי - בבא מציעא דף מב עמוד א'),
  ('b0000000-0000-0000-0000-000000000002', 'Bava Metzia 42b', 'בבא מציעא דף מב עמוד ב', 'המשך שיעור בגמרא', '2026-02-22', 6800, 'a0000000-0000-0000-0000-000000000001', NULL),
  ('b0000000-0000-0000-0000-000000000003', 'Parshat Teruma Part 1', 'פרשת תרומה חלק א', 'שיעור על פרשת תרומה - חלק ראשון', '2026-02-21', 5400, 'a0000000-0000-0000-0000-000000000002', 'שיעור פרשת השבוע - תרומה חלק א'),
  ('b0000000-0000-0000-0000-000000000004', 'Parshat Teruma Part 2', 'פרשת תרומה חלק ב', 'שיעור על פרשת תרומה - חלק שני', '2026-02-21', 4800, 'a0000000-0000-0000-0000-000000000002', NULL),
  ('b0000000-0000-0000-0000-000000000005', 'Hilchot Shabbat', 'הלכות שבת', 'שיעור בהלכות שבת', '2026-02-20', 3600, 'a0000000-0000-0000-0000-000000000003', 'הלכה יומית - הלכות שבת');

-- Link multi-part lessons
UPDATE lessons SET parent_lesson_id = 'b0000000-0000-0000-0000-000000000003', part_number = 2 WHERE id = 'b0000000-0000-0000-0000-000000000004';
UPDATE lessons SET part_number = 1 WHERE id = 'b0000000-0000-0000-0000-000000000003';

-- Playlists
INSERT INTO playlists (id, name, hebrew_name, description) VALUES
  ('c0000000-0000-0000-0000-000000000001', 'Favorites', 'מועדפים', 'השיעורים האהובים עלי'),
  ('c0000000-0000-0000-0000-000000000002', 'Shabbat Listening', 'להאזנה בשבת', 'שיעורים לשבת');

-- Playlist items
INSERT INTO playlist_items (playlist_id, lesson_id, position) VALUES
  ('c0000000-0000-0000-0000-000000000001', 'b0000000-0000-0000-0000-000000000001', 0),
  ('c0000000-0000-0000-0000-000000000001', 'b0000000-0000-0000-0000-000000000003', 1),
  ('c0000000-0000-0000-0000-000000000002', 'b0000000-0000-0000-0000-000000000005', 0);

-- Bookmarks
INSERT INTO bookmarks (lesson_id, timestamp, label) VALUES
  ('b0000000-0000-0000-0000-000000000001', 1800, 'נקודה חשובה'),
  ('b0000000-0000-0000-0000-000000000001', 4200, 'סיכום');

-- Playback progress
INSERT INTO playback_progress (lesson_id, position, last_played_at) VALUES
  ('b0000000-0000-0000-0000-000000000001', 2400, now()),
  ('b0000000-0000-0000-0000-000000000003', 1200, now() - interval '1 day');
